category,variable,value
state,inlet/H_link_R,0.45
state,inlet/H_link_L,0.45
state,inlet/H_down,0.44999999999978424
state,inlet/RBC_volume,1.5269638980947235e-14
state,inlet/q_C,3.3304100022007534e-18
state,VV_junc1/H_from1,0.45
state,VV_junc1/H_from2,0.0030304372081619902
state,VV_junc1/H_from3,0.46960467660585914
state,VV_junc1/H_from4,0.46357568603273064
state,VV_junc1/H_VV_out_alpha,0.46446029804327094
state,VV_junc1/RBC_volume,5.325507956209272e-17
state,VV_junc1/q_C,2.7692346734392117e-18
state,VV_junc1/q_C_d,2.7648420113638745e-18
state,PV1/H_link_R,0.4499741438430332
state,PV1/H_link_L,0.46166248034022545
state,PV1/H_down,0.4495619834497541
state,PV1/RBC_volume,7.635130096201316e-16
state,PV1/q_C,1.6593089687582992e-19
state,PV2/H_link_R,0.4499928609103
state,PV2/H_link_L,0.45540098039695914
state,PV2/H_down,0.4498426337988574
state,PV2/RBC_volume,7.634925604467997e-16
state,PV2/q_C,1.6593077855686796e-19
state,V1/H_link_R,0.4521538227287373
state,V1/H_link_L,0.4498793661556424
state,V1/H_down,0.45000257920109266
state,V1/RBC_volume,1.0692476761639023e-14
state,V1/q_C,2.7653833978996735e-18
state,V2/H_link_R,0.4522089471092198
state,V2/H_link_L,0.449963176418735
state,V2/H_down,0.45000070802444786
state,V2/RBC_volume,1.069247687755114e-14
state,V2/q_C,2.765379453934032e-18
state,VV_junc2/H_from1,0.45342769074746897
state,VV_junc2/H_from2,0.0030304372081619902
state,VV_junc2/H_from3,0.46497009562281033
state,VV_junc2/H_from4,0.4753901318677901
state,VV_junc2/H_VV_out_alpha,0.4660119563450339
state,VV_junc2/RBC_volume,4.516794760226283e-17
state,VV_junc2/q_C,2.7579796284145686e-18
state,VV_junc2/q_C_d,2.7557996792297734e-18
state,PV3/H_link_R,0.4499928672200254
state,PV3/H_link_L,0.45580122364794357
state,PV3/H_down,0.4498345538668819
state,PV3/RBC_volume,6.415539443210172e-16
state,PV3/q_C,1.6539015085502025e-19
state,PV4/H_link_R,0.4499680110389531
state,PV4/H_link_L,0.4648469359738592
state,PV4/H_down,0.4494463986983048
state,PV4/RBC_volume,6.415680102854312e-16
state,PV4/q_C,1.6539015067283592e-19
state,V3/H_link_R,0.45
state,V3/H_link_L,0.44996227683071843
state,V3/H_down,0.45000071303472855
state,V3/RBC_volume,7.069575753798429e-15
state,V3/q_C,2.2051227949778856e-18
state,V4/H_link_R,0.45
state,V4/H_link_L,0.44984926600388503
state,V4/H_down,0.4500031977154906
state,V4/RBC_volume,7.069575675609164e-15
state,V4/q_C,2.2051227901197373e-18
state,VV_junc3/H_from1,0.4535159107894262
state,VV_junc3/H_from2,0.0030304372081619902
state,VV_junc3/H_from3,0.4755048411310569
state,VV_junc3/H_from4,0.4650122885170312
state,VV_junc3/H_VV_out_alpha,0.4660509415683085
state,VV_junc3/RBC_volume,4.518044206455309e-17
state,VV_junc3/q_C,2.757876499929099e-18
state,VV_junc3/q_C_d,2.7556637870380967e-18
state,PV5/H_link_R,0.4499679637624264
state,PV5/H_link_L,0.46474400723281645
state,PV5/H_down,0.4494473802425953
state,PV5/RBC_volume,3.1101771967556655e-13
state,PV5/q_C,6.06422432666866e-20
state,PV6/H_link_R,0.44999286038407266
state,PV6/H_link_L,0.45592594769932776
state,PV6/H_down,0.4498294688725247
state,PV6/RBC_volume,3.110177057497587e-13
state,PV6/q_C,6.064224326668661e-20
state,V5/H_link_R,0.45
state,V5/H_link_L,0.4498494294449694
state,V5/H_down,0.45000320242786457
state,V5/RBC_volume,7.0695756964237685e-15
state,V5/q_C,2.205172482413065e-18
state,V6/H_link_R,0.45
state,V6/H_link_L,0.4499615550361841
state,V6/H_down,0.45000071373073747
state,V6/RBC_volume,7.069575776130933e-15
state,V6/q_C,2.205172482413065e-18
constant,global/H_global_L,0.45
constant,global/H_global_R,0.45
constant,inlet/H_R_out_LHS,0.45
constant,global/gamma_mirror,0.1
constant,global/tau_H_down,0.001
constant,global/tau_H_mean,0.001
constant,global/v_eps,1e-30
constant,global/q_C_init,0.0
constant,inlet/r,6e-06
constant,global/mu_plasma,0.001
constant,inlet/u_in,6666.1
constant,global/u_ext,133.0
constant,global/tau_link,0.001
constant,global/v_scale,1e-50
constant,global/one_mm3,1e-09
constant,global/div_0,1e-25
constant,global/div_0y,1e-08
constant,global/tau_junc,0.0001
constant,global/v_threshold,1e-18
constant,global/k,1000.0
constant,VV_junc1/r,6e-06
constant,VV_junc1/vbc2,0.0
constant,VV_junc1/H_to2,0.0
constant,VV_junc1/r_bc2,0.0
constant,VV_junc1/C_conn2,8.51e-22
constant,global/R,1000000000000000.0
constant,global/R_constriction_base,0.0
constant,PV1/R_constriction_final,0.0
constant,global/tau_sig,1.0
constant,global/t0,500.0
constant,PV1/r,6e-06
constant,PV2/R_constriction_final,0.0
constant,PV2/r,6e-06
constant,V1/r,5.5e-06
constant,V2/r,5.5e-06
constant,VV_junc2/r,5.5e-06
constant,VV_junc2/vbc2,0.0
constant,VV_junc2/H_to2,0.0
constant,VV_junc2/r_bc2,0.0
constant,VV_junc2/C_conn2,8.51e-22
constant,PV3/R_constriction_final,0.0
constant,PV3/r,5.5e-06
constant,PV4/R_constriction_final,0.0
constant,PV4/r,5.5e-06
constant,V3/H_L_out_RHS,0.45
constant,V3/r,5e-06
constant,V3/u_out,6599.44
constant,V4/H_L_out_RHS,0.45
constant,V4/r,5e-06
constant,V4/u_out,6599.44
constant,VV_junc3/r,5.5e-06
constant,VV_junc3/vbc2,0.0
constant,VV_junc3/H_to2,0.0
constant,VV_junc3/r_bc2,0.0
constant,VV_junc3/C_conn2,8.51e-22
constant,PV5/R_constriction_final,0.0
constant,PV5/r,0.0002
constant,PV6/R_constriction_final,0.0
constant,PV6/r,0.0002
constant,V5/H_L_out_RHS,0.45
constant,V5/r,5e-06
constant,V5/u_out,6599.44
constant,V6/H_L_out_RHS,0.45
constant,V6/r,5e-06
constant,V6/u_out,6599.44
constant,,0.0002
constant,inlet/q_us,3.392920065876973e-14
constant,inlet/C,5.107485693775874e-22
constant,VV_junc1/q_us,1.1309733552923245e-16
constant,PV1/q_us,1.696460032938487e-15
constant,inlet/Z,-1.1820960009520325
constant,PV2/q_us,1.696460032938487e-15
constant,V1/q_us,2.3758294442772788e-14
constant,V1/C,4.256238078146562e-22
constant,V2/q_us,2.3758294442772788e-14
constant,V2/C,4.256238078146562e-22
constant,VV_junc2/q_us,9.503317777109115e-17
constant,PV3/q_us,1.4254976665663674e-15
constant,PV4/q_us,1.4254976665663674e-15
constant,V3/q_us,1.570796326794895e-14
constant,V3/C,3.4049904625172497e-22
constant,V4/q_us,1.570796326794895e-14
constant,V4/C,3.4049904625172497e-22
constant,VV_junc3/q_us,9.503317777109115e-17
constant,PV5/q_us,6.911503837897537e-13
constant,PV6/q_us,6.911503837897537e-13
constant,V5/q_us,1.570796326794895e-14
constant,V5/C,3.4049904625172497e-22
constant,V6/q_us,1.570796326794895e-14
constant,V6/C,3.4049904625172497e-22
constant,inlet/RBC_volume_init,1.5268140296446382e-14
constant,VV_junc1/RBC_volume_init,5.08938009881546e-17
constant,VV_junc1/C_max12,8.51e-22
constant,PV1/RBC_volume_init,7.634070148223191e-16
constant,inlet/mu_45,3.5523629350190156
constant,PV2/RBC_volume_init,7.634070148223191e-16
constant,V1/RBC_volume_init,1.0691232499247755e-14
constant,V2/RBC_volume_init,1.0691232499247755e-14
constant,VV_junc2/RBC_volume_init,4.2764929996991017e-17
constant,VV_junc2/C_max12,8.51e-22
constant,PV3/RBC_volume_init,6.4147394995486535e-16
constant,PV4/RBC_volume_init,6.4147394995486535e-16
constant,V3/RBC_volume_init,7.0685834705770284e-15
constant,V4/RBC_volume_init,7.0685834705770284e-15
constant,VV_junc3/RBC_volume_init,4.2764929996991017e-17
constant,VV_junc3/C_max12,8.51e-22
constant,PV5/RBC_volume_init,3.1101767270538916e-13
constant,PV6/RBC_volume_init,3.1101767270538916e-13
constant,V5/RBC_volume_init,7.0685834705770284e-15
constant,V6/RBC_volume_init,7.0685834705770284e-15
constant,PV1/C,2.553742846887937e-23
constant,VV_junc1/vj2,0.0
constant,PV3/C,2.553742846887937e-23
constant,PV5/C,9.363723771922435e-24
constant,VV_junc1/C_max123,8.51e-22
constant,VV_junc1/D1,1.2e-05
constant,VV_junc2/C_max123,8.51e-22
constant,VV_junc3/C_max123,8.51e-22
constant,VV_junc1/D2,0.0
constant,PV2/C,2.553742846887937e-23
constant,PV4/C,2.553742846887937e-23
constant,PV6/C,9.363723771922435e-24
constant,VV_junc1/C,8.51e-22
constant,VV_junc1/D3,1.2e-05
constant,VV_junc2/C,8.51e-22
constant,VV_junc3/C,8.51e-22
constant,VV_junc1/D4,1.2e-05
constant,VV_junc1/w_in2,0.5
constant,VV_junc1/w_out2,0.5
constant,VV_junc1/Qin2,0.0
constant,VV_junc1/Qout2,-0.0
constant,VV_junc1/bc2_is_in,0.0
constant,VV_junc1/bc2_is_out,0.0
constant,PV1/Z,-1.1820960009520325
constant,PV1/mu_45,3.5523629350190156
constant,PV2/Z,-1.1820960009520325
constant,PV2/mu_45,3.5523629350190156
constant,V1/Z,-1.1691201400706768
constant,V1/mu_45,3.71461005007079
constant,V2/Z,-1.1691201400706768
constant,V2/mu_45,3.71461005007079
constant,VV_junc2/vj2,0.0
constant,VV_junc2/D1,1.1e-05
constant,VV_junc2/D2,0.0
constant,VV_junc2/D3,1.1e-05
constant,VV_junc2/D4,1.1e-05
constant,VV_junc2/w_in2,0.5
constant,VV_junc2/w_out2,0.5
constant,VV_junc2/Qin2,0.0
constant,VV_junc2/Qout2,-0.0
constant,VV_junc2/bc2_is_in,0.0
constant,VV_junc2/bc2_is_out,0.0
constant,PV3/Z,-1.1691201400706768
constant,PV3/mu_45,3.71461005007079
constant,PV4/Z,-1.1691201400706768
constant,PV4/mu_45,3.71461005007079
constant,V3/Z,-1.0657877752191043
constant,V3/mu_45,3.8923989981081206
constant,V4/Z,-1.0657877752191043
constant,V4/mu_45,3.8923989981081206
constant,VV_junc3/vj2,0.0
constant,VV_junc3/D1,1.1e-05
constant,VV_junc3/D2,0.0
constant,VV_junc3/D3,0.0004
constant,VV_junc3/D4,0.0004
constant,VV_junc3/w_in2,0.5
constant,VV_junc3/w_out2,0.5
constant,VV_junc3/Qin2,0.0
constant,VV_junc3/Qout2,-0.0
constant,VV_junc3/bc2_is_in,0.0
constant,VV_junc3/bc2_is_out,0.0
constant,PV5/Z,-0.8000000000000936
constant,PV5/mu_45,3.060369022607859
constant,PV6/Z,-0.8000000000000936
constant,PV6/mu_45,3.060369022607859
constant,V5/Z,-1.0657877752191043
constant,V5/mu_45,3.8923989981081206
constant,V6/Z,-1.0657877752191043
constant,V6/mu_45,3.8923989981081206
algebraic,VV_junc1/q,1.1863141221403551e-16
algebraic,inlet/H_L_in,0.45
algebraic,VV_junc2/q,1.0054695707873549e-16
algebraic,VV_junc3/q,1.0054671805805835e-16
algebraic,inlet/H_R_in,0.45
algebraic,inlet/q,3.3932531068771933e-14
algebraic,inlet/H_mean,0.449999999999996
algebraic,inlet/hem_dep_u_rel,4.093512857863244
algebraic,inlet/mu,0.0040935128578632445
algebraic,inlet/R,2412973355330248.5
algebraic,inlet/u,6653.644798397155
algebraic,inlet/u_mmHg,49.90657804711267
algebraic,inlet/v,1.0323530158617044e-14
algebraic,inlet/v_mm3_s,1.0323530158617044e-05
algebraic,inlet/w_v,1.0000000000000004
algebraic,inlet/v_pos,1.0323530158617049e-14
algebraic,inlet/v_neg,4.5845683510035346e-30
algebraic,VV_junc1/H_mean,0.4708782860869429
algebraic,VV_junc1/u,6641.189596801907
algebraic,VV_junc1/u_mmHg,49.81315609428231
algebraic,inlet/v_d,1.0323530152319487e-14
algebraic,inlet/v_d_mm3_s,1.0323530152319486e-05
algebraic,inlet/w_v_d,1.0000000000000004
algebraic,inlet/H_up,0.45
algebraic,inlet/v_d_pos,1.0323530152319492e-14
algebraic,inlet/v_d_neg,4.5845683482068575e-30
algebraic,inlet/H_L_out,0.45
algebraic,inlet/s_v_d,0.9999999999999999
algebraic,inlet/H_R_out,0.44999999999978424
algebraic,inlet/H_down_target,0.4499999999999956
algebraic,inlet/H_mass_L,0.45
algebraic,VV_junc1/vj1,1.0323530152319487e-14
algebraic,inlet/H_mass_R,0.44999999999978424
algebraic,VV_junc1/w_in1,1.0000000000000004
algebraic,VV_junc1/w_out1,-4.440892098500626e-16
algebraic,VV_junc1/Qin1,1.0323530152319492e-14
algebraic,VV_junc1/Qout1,4.5845683482068575e-30
algebraic,VV_junc1/bc1_is_in,1.0
algebraic,VV_junc1/bc1_is_out,0.0
algebraic,VV_junc1/u_d,6630.8660666601045
algebraic,VV_junc1/u_d_mmHg,49.73572303640888
algebraic,VV_junc1/v,1.032353014180262e-14
algebraic,VV_junc1/v_mm3_s,1.032353014180262e-05
algebraic,PV1/R_constriction,0.0
algebraic,PV1/H_L_in,0.46166248034022545
algebraic,PV1/H_R_in,0.4499741438430332
algebraic,PV1/q,1.6966259638353627e-15
algebraic,PV1/H_mean,0.4500184636418905
algebraic,PV1/hem_dep_u_rel,4.093755126802618
algebraic,PV1/mu,0.004093755126802618
algebraic,PV1/R,120655808192301.12
algebraic,PV1/u,6630.556990831633
algebraic,PV1/u_mmHg,49.73340477064275
algebraic,PV1/v,5.123264815879775e-15
algebraic,PV1/v_mm3_s,5.123264815879775e-06
algebraic,VV_junc1/vj3,-5.123264815879775e-15
algebraic,VV_junc1/w_in3,-5.551115123125783e-16
algebraic,VV_junc1/w_out3,1.0000000000000004
algebraic,VV_junc1/Qin3,2.843983279920845e-30
algebraic,VV_junc1/Qout3,5.123264815879777e-15
algebraic,VV_junc1/bc3_is_in,0.0
algebraic,VV_junc1/bc3_is_out,1.0
algebraic,PV1/w_v,1.0000000000000004
algebraic,PV1/v_pos,5.123264815879777e-15
algebraic,PV1/v_neg,2.2751866239366758e-30
algebraic,PV2/R_constriction,0.0
algebraic,PV2/H_L_in,0.45540098039695914
algebraic,PV2/H_R_in,0.4499928609103
algebraic,PV2/q,1.6966259637170438e-15
algebraic,PV2/H_mean,0.45000641082617066
algebraic,PV2/hem_dep_u_rel,4.093596974904263
algebraic,PV2/mu,0.004093596974904263
algebraic,PV2/R,120651146959637.67
algebraic,PV2/u,6630.552357672812
algebraic,PV2/v,5.2002653136402346e-15
algebraic,PV2/u_mmHg,49.733370018997704
algebraic,VV_junc1/vj4,-5.2002653136402346e-15
algebraic,PV2/v_mm3_s,5.200265313640234e-06
algebraic,VV_junc1/w_in4,-5.551115123125783e-16
algebraic,VV_junc1/w_out4,1.0000000000000004
algebraic,VV_junc1/Qin4,2.8867271426814747e-30
algebraic,VV_junc1/Qin_tot,1.0323530152319498e-14
algebraic,VV_junc1/Qout4,5.200265313640237e-15
algebraic,VV_junc1/Qout_tot,1.032353012952002e-14
algebraic,VV_junc1/bc4_is_in,0.0
algebraic,VV_junc1/bc4_is_out,1.0
algebraic,VV_junc1/n_out,2.0
algebraic,VV_junc1/n_in,1.0
algebraic,VV_junc1/junction_type,1.0
algebraic,VV_junc1/is_split,1.0
algebraic,VV_junc1/is_merge,0.0
algebraic,VV_junc1/feed1,1.0
algebraic,VV_junc1/feed2,0.0
algebraic,VV_junc1/feed3,0.0
algebraic,VV_junc1/feed4,0.0
algebraic,VV_junc1/alpha1,0.0
algebraic,VV_junc1/alpha2,0.0
algebraic,VV_junc1/alpha3,0.0
algebraic,VV_junc1/alpha4,1.0
algebraic,VV_junc1/Qout1_rem,4.5845683482068575e-30
algebraic,VV_junc1/Qout2_rem,-0.0
algebraic,VV_junc1/Qout3_rem,5.123264815879777e-15
algebraic,VV_junc1/Qout4_rem,0.0
algebraic,VV_junc1/beta1,0.0
algebraic,VV_junc1/beta2,0.0
algebraic,VV_junc1/beta3,1.0
algebraic,VV_junc1/beta4,0.0
algebraic,VV_junc1/D_F,1.2e-05
algebraic,VV_junc1/D_alpha,1.2e-05
algebraic,VV_junc1/D_beta,1.2e-05
algebraic,VV_junc1/v_alpha,5.200265313640237e-15
algebraic,VV_junc1/v_beta,5.123264815879777e-15
algebraic,VV_junc1/FQB_alpha,0.5037293685780403
algebraic,VV_junc1/B,1.3077724635927614
algebraic,VV_junc1/A,-0.0
algebraic,VV_junc1/X_0,0.03333333333333333
algebraic,VV_junc1/y_raw,0.5039957520479003
algebraic,VV_junc1/y,0.5039957520479003
algebraic,VV_junc1/ph,0.015983348451651388
algebraic,VV_junc1/FQE_alpha,0.5052254554887022
algebraic,VV_junc1/epsilon_alpha,-0.007816506542440926
algebraic,VV_junc1/H_VV_out_beta,0.4694587484481528
algebraic,VV_junc1/H_split1,0.44999999999978424
algebraic,VV_junc1/H_split2,0.0
algebraic,VV_junc1/RBC_out,4.816625677350387e-15
algebraic,VV_junc1/H_daughter1,0.44999999999978424
algebraic,VV_junc1/H_daughter2,0.0
algebraic,PV2/w_v,1.0000000000000004
algebraic,VV_junc1/H_from1_target,0.44999999999978424
algebraic,VV_junc1/H_from2_target,0.0
algebraic,V1/H_L_in,0.4498793661556424
algebraic,PV2/v_pos,5.200265313640237e-15
algebraic,PV2/v_neg,2.30938171414518e-30
algebraic,V1/H_R_in,0.4521538227287373
algebraic,V1/q,2.3761059826170687e-14
algebraic,V1/H_mean,0.4499999932604948
algebraic,V1/hem_dep_u_rel,4.351370336714566
algebraic,V1/mu,0.004351370336714566
algebraic,V1/R,3027299657942792.5
algebraic,V1/u,6630.247915003613
algebraic,PV1/v_d,5.1232648083870755e-15
algebraic,V1/u_mmHg,49.73108650488001
algebraic,PV1/w_v_d,1.0000000000000004
algebraic,PV1/v_d_mm3_s,5.123264808387075e-06
algebraic,VV_junc2/H_mean,0.4752860907538146
algebraic,PV1/H_up,0.46166248034022545
algebraic,PV1/v_d_pos,5.123264808387078e-15
algebraic,PV1/v_d_neg,2.275186620609249e-30
algebraic,PV1/H_L_out,0.46166248034022545
algebraic,VV_junc2/u,6614.738257143522
algebraic,VV_junc1/H_split3,0.4694587484481528
algebraic,PV1/s_v_d,0.9999999999999999
algebraic,PV1/H_R_out,0.4495619834497541
algebraic,V2/H_L_in,0.449963176418735
algebraic,VV_junc2/u_mmHg,49.61475418268194
algebraic,V1/v,5.123264827582706e-15
algebraic,VV_junc1/H_daughter3,0.4694587484481528
algebraic,PV1/H_down_target,0.448854061972057
algebraic,PV1/H_mass_L,0.46166248034022545
algebraic,V1/v_mm3_s,5.1232648275827054e-06
algebraic,V2/H_R_in,0.4522089471092198
algebraic,V1/w_v,1.0000000000000004
algebraic,VV_junc1/H_from3_target,0.4694587484481528
algebraic,PV1/H_mass_R,0.4495619834497541
algebraic,V1/H_up,0.4498793661556424
algebraic,V1/v_pos,5.123264827582708e-15
algebraic,V1/v_neg,2.275186629133821e-30
algebraic,V2/q,2.3761059822226724e-14
algebraic,V1/H_L_out,0.4498793661556424
algebraic,V1/s_v,0.9999999999999999
algebraic,V2/H_mean,0.44999999821342623
algebraic,V1/H_R_out,0.45000257920109266
algebraic,V1/H_down_target,0.45001205597098004
algebraic,V1/H_mass_L,0.4498793661556424
algebraic,V2/hem_dep_u_rel,4.351370406877619
algebraic,VV_junc2/vj1,5.123264827582706e-15
algebraic,V1/H_mass_R,0.45000257920109266
algebraic,V2/mu,0.004351370406877619
algebraic,VV_junc2/w_in1,1.0000000000000004
algebraic,V2/R,3027299706756055.0
algebraic,VV_junc2/w_out1,-4.440892098500626e-16
algebraic,V2/u,6630.238648685403
algebraic,VV_junc2/Qin1,5.123264827582708e-15
algebraic,PV2/v_d,5.200265315570019e-15
algebraic,V2/u_mmHg,49.731017001585656
algebraic,VV_junc2/Qout1,2.275186629133821e-30
algebraic,PV2/w_v_d,1.0000000000000004
algebraic,PV2/v_d_mm3_s,5.200265315570018e-06
algebraic,VV_junc2/bc1_is_in,1.0
algebraic,VV_junc3/H_mean,0.47541756549316516
algebraic,PV2/H_up,0.45540098039695914
algebraic,PV2/H_L_out,0.45540098039695914
algebraic,PV2/v_d_pos,5.200265315570021e-15
algebraic,PV2/v_d_neg,2.309381715002176e-30
algebraic,VV_junc2/bc1_is_out,0.0
algebraic,VV_junc3/u,6614.495887024908
algebraic,VV_junc1/H_split4,0.46446029804327094
algebraic,VV_junc1/RBC_in,4.645588568541547e-15
algebraic,PV2/s_v_d,0.9999999999999999
algebraic,PV2/H_R_out,0.4498426337988574
algebraic,VV_junc2/u_d,6609.61499231439
algebraic,VV_junc3/u_mmHg,49.612936252268256
algebraic,V2/v,5.20026531412179e-15
algebraic,VV_junc1/H_daughter4,0.46446029804327094
algebraic,PV2/H_down_target,0.4494669538690918
algebraic,PV2/H_mass_L,0.45540098039695914
algebraic,V2/v_mm3_s,5.20026531412179e-06
algebraic,VV_junc2/u_d_mmHg,49.57632643010449
algebraic,VV_junc2/v,5.123264829131585e-15
algebraic,V2/w_v,1.0000000000000004
algebraic,VV_junc1/H_from4_target,0.46446029804327094
algebraic,PV2/H_mass_R,0.4498426337988574
algebraic,V2/H_up,0.449963176418735
algebraic,V2/v_pos,5.200265314121792e-15
algebraic,V2/v_neg,2.3093817143590334e-30
algebraic,VV_junc2/v_mm3_s,5.123264829131585e-06
algebraic,PV3/R_constriction,0.0
algebraic,V2/H_L_out,0.449963176418735
algebraic,V2/s_v,0.9999999999999999
algebraic,PV3/H_L_in,0.45580122364794357
algebraic,V2/H_R_out,0.45000070802444786
algebraic,V2/H_down_target,0.45000368039289534
algebraic,V2/H_mass_L,0.449963176418735
algebraic,PV3/H_R_in,0.4499928672200254
algebraic,VV_junc3/vj1,5.20026531412179e-15
algebraic,V2/H_mass_R,0.45000070802444786
algebraic,PV3/q,1.4256630567172224e-15
algebraic,VV_junc3/w_in1,1.0000000000000004
algebraic,PV3/H_mean,0.45000390611108343
algebraic,VV_junc3/w_out1,-4.440892098500626e-16
algebraic,PV3/hem_dep_u_rel,4.351425766446584
algebraic,VV_junc3/Qin1,5.200265314121792e-15
algebraic,PV3/mu,0.004351425766446584
algebraic,VV_junc3/Qout1,2.3093817143590334e-30
algebraic,PV3/R,181640293263661.6
algebraic,VV_junc3/bc1_is_in,1.0
algebraic,PV3/u,6609.382344313537
algebraic,VV_junc3/bc1_is_out,0.0
algebraic,PV3/u_mmHg,49.57458142177238
algebraic,PV3/v,2.5616342791911e-15
algebraic,VV_junc3/u_d,6609.295621711155
algebraic,PV3/v_mm3_s,2.5616342791910996e-06
algebraic,VV_junc2/vj3,-2.5616342791911e-15
algebraic,VV_junc3/u_d_mmHg,49.573930946964154
algebraic,VV_junc3/v,5.200265313753334e-15
algebraic,VV_junc2/w_in3,-5.551115123125783e-16
algebraic,VV_junc3/v_mm3_s,5.200265313753334e-06
algebraic,PV5/R_constriction,0.0
algebraic,VV_junc2/w_out3,1.0000000000000004
algebraic,PV5/H_L_in,0.46474400723281645
algebraic,VV_junc2/Qin3,1.4219926787135128e-30
algebraic,PV5/H_R_in,0.4499679637624264
algebraic,VV_junc2/Qout3,2.561634279191101e-15
algebraic,PV5/q,6.91150444431997e-13
algebraic,VV_junc2/bc3_is_in,0.0
algebraic,PV5/H_mean,0.4500000284759535
algebraic,VV_junc2/bc3_is_out,1.0
algebraic,PV5/hem_dep_u_rel,3.0717481945745693
algebraic,PV3/w_v,1.0000000000000004
algebraic,PV5/mu,0.003071748194574569
algebraic,PV3/v_pos,2.561634279191101e-15
algebraic,PV3/v_neg,1.1375941429708102e-30
algebraic,PV4/R_constriction,0.0
algebraic,PV5/R,26888615.00050815
algebraic,PV4/H_L_in,0.4648469359738592
algebraic,PV5/u,6609.295621676198
algebraic,PV4/H_R_in,0.4499680110389531
algebraic,PV5/u_mmHg,49.57393094670195
algebraic,PV5/v,2.6001590901341432e-15
algebraic,PV4/q,1.4256630567170402e-15
algebraic,PV5/v_mm3_s,2.600159090134143e-06
algebraic,VV_junc3/vj3,-2.6001590901341432e-15
algebraic,PV4/H_mean,0.4500137723725607
algebraic,VV_junc3/w_in3,-5.551115123125783e-16
algebraic,PV4/hem_dep_u_rel,4.3515655364371115
algebraic,VV_junc3/w_out3,1.0000000000000004
algebraic,PV4/mu,0.004351565536437112
algebraic,VV_junc3/Qin3,1.4433782447776618e-30
algebraic,PV4/R,181646127641502.7
algebraic,VV_junc3/Qout3,2.6001590901341444e-15
algebraic,PV4/u,6609.382337179525
algebraic,VV_junc3/bc3_is_in,0.0
algebraic,PV4/v,2.5616305493095377e-15
algebraic,PV4/u_mmHg,49.57458136826274
algebraic,VV_junc3/bc3_is_out,1.0
algebraic,VV_junc2/vj4,-2.5616305493095377e-15
algebraic,PV4/v_mm3_s,2.5616305493095375e-06
algebraic,PV5/w_v,1.0000000000000004
algebraic,VV_junc2/w_in4,-5.551115123125783e-16
algebraic,PV5/v_pos,2.6001590901341444e-15
algebraic,PV5/v_neg,1.1547025958221294e-30
algebraic,PV6/R_constriction,0.0
algebraic,VV_junc2/w_out4,1.0000000000000004
algebraic,PV6/H_L_in,0.45592594769932776
algebraic,VV_junc2/Qin4,1.421990608213318e-30
algebraic,PV6/H_R_in,0.44999286038407266
algebraic,VV_junc2/Qin_tot,5.123264827582711e-15
algebraic,VV_junc2/Qout4,2.561630549309539e-15
algebraic,PV6/q,6.91150444431997e-13
algebraic,VV_junc2/Qout_tot,5.123264828500642e-15
algebraic,VV_junc2/bc4_is_in,0.0
algebraic,PV6/H_mean,0.4500000083272175
algebraic,VV_junc2/bc4_is_out,1.0
algebraic,PV6/hem_dep_u_rel,3.0717480348532678
algebraic,VV_junc2/n_out,2.0
algebraic,VV_junc2/n_in,1.0
algebraic,PV6/mu,0.003071748034853268
algebraic,VV_junc2/junction_type,1.0
algebraic,PV6/R,26888613.602384243
algebraic,VV_junc2/is_split,1.0
algebraic,PV6/u,6609.295621676199
algebraic,VV_junc2/is_merge,0.0
algebraic,PV6/v,2.600091576275459e-15
algebraic,PV6/u_mmHg,49.57393094670196
algebraic,VV_junc2/feed1,1.0
algebraic,VV_junc3/vj4,-2.600091576275459e-15
algebraic,PV6/v_mm3_s,2.6000915762754588e-06
algebraic,VV_junc2/feed2,0.0
algebraic,VV_junc3/w_in4,-5.551115123125783e-16
algebraic,VV_junc2/feed3,0.0
algebraic,VV_junc3/w_out4,1.0000000000000004
algebraic,VV_junc2/feed4,0.0
algebraic,VV_junc3/Qin4,1.4433407670574654e-30
algebraic,VV_junc2/alpha1,0.0
algebraic,VV_junc3/Qin_tot,5.2002653141217955e-15
algebraic,VV_junc3/Qout4,2.60009157627546e-15
algebraic,VV_junc2/alpha2,0.0
algebraic,VV_junc3/Qout_tot,5.200250666409607e-15
algebraic,VV_junc3/bc4_is_in,0.0
algebraic,VV_junc2/alpha3,1.0
algebraic,VV_junc3/bc4_is_out,1.0
algebraic,VV_junc2/alpha4,0.0
algebraic,VV_junc3/n_out,2.0
algebraic,VV_junc3/n_in,1.0
algebraic,VV_junc2/Qout1_rem,2.275186629133821e-30
algebraic,VV_junc3/junction_type,1.0
algebraic,VV_junc2/Qout2_rem,-0.0
algebraic,VV_junc3/is_split,1.0
algebraic,VV_junc2/Qout3_rem,0.0
algebraic,VV_junc3/is_merge,0.0
algebraic,VV_junc2/Qout4_rem,2.561630549309539e-15
algebraic,VV_junc3/feed1,1.0
algebraic,VV_junc2/beta1,0.0
algebraic,VV_junc3/feed2,0.0
algebraic,VV_junc2/beta2,0.0
algebraic,VV_junc3/feed3,0.0
algebraic,VV_junc2/beta3,0.0
algebraic,VV_junc3/feed4,0.0
algebraic,VV_junc2/beta4,1.0
algebraic,VV_junc3/alpha1,0.0
algebraic,VV_junc2/D_F,1.1e-05
algebraic,VV_junc3/alpha2,0.0
algebraic,VV_junc2/D_alpha,1.1e-05
algebraic,VV_junc3/alpha3,1.0
algebraic,VV_junc2/D_beta,1.1e-05
algebraic,VV_junc3/alpha4,0.0
algebraic,VV_junc2/v_alpha,2.561634279191101e-15
algebraic,VV_junc3/Qout1_rem,2.3093817143590334e-30
algebraic,VV_junc2/v_beta,2.561630549309539e-15
algebraic,VV_junc3/Qout2_rem,-0.0
algebraic,VV_junc2/FQB_alpha,0.5000003640141284
algebraic,VV_junc3/Qout3_rem,0.0
algebraic,VV_junc2/B,1.3329548260489432
algebraic,VV_junc3/Qout4_rem,2.60009157627546e-15
algebraic,VV_junc2/A,-0.0
algebraic,VV_junc3/beta1,0.0
algebraic,VV_junc2/X_0,0.03636363636363637
algebraic,VV_junc3/beta2,0.0
algebraic,VV_junc2/y_raw,0.5000003925642561
algebraic,VV_junc3/beta3,0.0
algebraic,VV_junc2/y,0.5000003925642561
algebraic,VV_junc3/beta4,1.0
algebraic,VV_junc2/ph,1.5702570243454905e-06
algebraic,VV_junc3/D_F,1.1e-05
algebraic,VV_junc2/FQE_alpha,0.5000005232704198
algebraic,VV_junc3/D_alpha,0.0004
algebraic,VV_junc2/epsilon_alpha,-0.009274285793270776
algebraic,VV_junc2/H_VV_out_beta,0.4752859393691041
algebraic,VV_junc3/D_beta,0.0004
algebraic,VV_junc2/H_split1,0.45000257920109266
algebraic,VV_junc2/H_split2,0.0
algebraic,VV_junc2/RBC_out,2.4088572203789774e-15
algebraic,VV_junc3/v_alpha,2.6001590901341444e-15
algebraic,VV_junc2/H_daughter1,0.45000257920109266
algebraic,VV_junc2/H_daughter2,0.0
algebraic,PV4/w_v,1.0000000000000004
algebraic,VV_junc3/v_beta,2.60009157627546e-15
algebraic,VV_junc2/H_from1_target,0.45000257920109266
algebraic,VV_junc2/H_from2_target,0.0
algebraic,V3/H_L_in,0.44996227683071843
algebraic,PV4/v_pos,2.561630549309539e-15
algebraic,PV4/v_neg,1.1375924865706545e-30
algebraic,VV_junc3/FQB_alpha,0.5000064914042623
algebraic,V3/H_R_in,0.45
algebraic,VV_junc3/B,1.3328713993507006
algebraic,V3/q,1.571016839074393e-14
algebraic,VV_junc3/A,-0.0
algebraic,V3/H_mean,0.44999999859732
algebraic,VV_junc3/X_0,0.03636363636363637
algebraic,V3/hem_dep_u_rel,4.651557860653698
algebraic,VV_junc3/y_raw,0.5000070005340084
algebraic,V3/mu,0.004651557860653698
algebraic,VV_junc3/y,0.5000070005340084
algebraic,V3/R,3790430344197111.0
algebraic,VV_junc3/ph,2.800213603528756e-05
algebraic,V3/u,6609.149696312738
algebraic,VV_junc3/FQE_alpha,0.5000093308115594
algebraic,PV3/v_d,2.5616342785902454e-15
algebraic,V3/u_mmHg,49.572836413440676
algebraic,VV_junc3/epsilon_alpha,-0.009369323698015242
algebraic,VV_junc3/H_VV_out_beta,0.4754148656499044
algebraic,PV3/w_v_d,1.0000000000000004
algebraic,PV3/v_d_mm3_s,2.5616342785902454e-06
algebraic,V3/v,2.561634281870823e-15
algebraic,VV_junc3/H_split1,0.45000070802444786
algebraic,VV_junc3/H_split2,0.0
algebraic,VV_junc3/RBC_out,2.4454627693074176e-15
algebraic,PV3/H_up,0.45580122364794357
algebraic,PV3/v_d_pos,2.5616342785902466e-15
algebraic,PV3/v_d_neg,1.1375941427039773e-30
algebraic,PV3/H_L_out,0.45580122364794357
algebraic,V3/w_v,1.0000000000000004
algebraic,V3/v_mm3_s,2.5616342818708226e-06
algebraic,VV_junc3/H_daughter1,0.45000070802444786
algebraic,VV_junc3/H_daughter2,0.0
algebraic,PV6/w_v,1.0000000000000004
algebraic,VV_junc2/H_split3,0.4660119563450339
algebraic,PV3/s_v_d,0.9999999999999996
algebraic,PV3/H_R_out,0.4498345538668819
algebraic,V3/H_up,0.44996227683071843
algebraic,V3/H_L_out,0.44996227683071843
algebraic,V3/v_pos,2.561634281870824e-15
algebraic,V3/v_neg,1.1375941441608463e-30
algebraic,V4/H_L_in,0.44984926600388503
algebraic,VV_junc3/H_from1_target,0.45000070802444786
algebraic,VV_junc3/H_from2_target,0.0
algebraic,V5/H_L_in,0.4498494294449694
algebraic,PV6/v_pos,2.60009157627546e-15
algebraic,PV6/v_neg,1.1546726136459723e-30
algebraic,VV_junc2/H_daughter3,0.4660119563450339
algebraic,PV3/H_down_target,0.4494241743573974
algebraic,PV3/H_mass_L,0.45580122364794357
algebraic,V3/s_v,0.9999999999999996
algebraic,V3/H_R_out,0.45000071303472855
algebraic,V4/H_R_in,0.45
algebraic,V5/H_R_in,0.45
algebraic,VV_junc2/H_from3_target,0.4660119563450339
algebraic,PV3/H_mass_R,0.4498345538668819
algebraic,V3/H_down_target,0.4500037707739801
algebraic,V3/H_mass_L,0.44996227683071843
algebraic,V4/q,1.571016839073907e-14
algebraic,V5/q,1.5710168440431363e-14
algebraic,V3/H_mass_R,0.45000071303472855
algebraic,V4/H_mean,0.4499999936204746
algebraic,V5/H_mean,0.44999999352200803
algebraic,V4/hem_dep_u_rel,4.651557785918672
algebraic,V5/hem_dep_u_rel,4.651557784440044
algebraic,V4/mu,0.004651557785918672
algebraic,V5/mu,0.004651557784440044
algebraic,V4/R,3790430283297533.0
algebraic,V5/R,3790430282092638.5
algebraic,V4/u,6609.149682045008
algebraic,V5/u,6609.295621641241
algebraic,PV4/v_d,2.5616305454742072e-15
algebraic,V4/u_mmHg,49.57283630642361
algebraic,PV5/v_d,2.600091441078827e-15
algebraic,V5/u_mmHg,49.57393094643976
algebraic,PV4/w_v_d,1.0000000000000004
algebraic,PV4/v_d_mm3_s,2.561630545474207e-06
algebraic,V4/v,2.561630558882543e-15
algebraic,PV5/w_v_d,1.0000000000000004
algebraic,PV5/v_d_mm3_s,2.6000914410788267e-06
algebraic,V5/v,2.600132678288052e-15
algebraic,PV4/H_up,0.4648469359738592
algebraic,PV4/H_L_out,0.4648469359738592
algebraic,PV4/v_d_pos,2.5616305454742084e-15
algebraic,PV4/v_d_neg,1.1375924848674256e-30
algebraic,V4/w_v,1.0000000000000004
algebraic,V4/v_mm3_s,2.561630558882543e-06
algebraic,PV5/H_up,0.46474400723281645
algebraic,PV5/v_d_pos,2.600091441078828e-15
algebraic,PV5/v_d_neg,1.154672553606607e-30
algebraic,PV5/H_L_out,0.46474400723281645
algebraic,V5/w_v,1.0000000000000004
algebraic,V5/v_mm3_s,2.600132678288052e-06
algebraic,VV_junc2/H_split4,0.4752859393691041
algebraic,VV_junc2/RBC_in,2.3054823863424615e-15
algebraic,PV4/s_v_d,0.9999999999999996
algebraic,PV4/H_R_out,0.4494463986983048
algebraic,V4/H_up,0.44984926600388503
algebraic,V4/H_L_out,0.44984926600388503
algebraic,V4/v_pos,2.5616305588825443e-15
algebraic,V4/v_neg,1.1375924908219229e-30
algebraic,VV_junc3/H_split3,0.4660509415683085
algebraic,PV5/s_v_d,0.9999999999999996
algebraic,PV5/H_R_out,0.4494473802425953
algebraic,V5/H_up,0.4498494294449694
algebraic,V5/H_L_out,0.4498494294449694
algebraic,V5/v_pos,2.6001326782880533e-15
algebraic,V5/v_neg,1.1546908666062681e-30
algebraic,V6/H_L_in,0.4499615550361841
algebraic,VV_junc2/H_daughter4,0.4752859393691041
algebraic,PV4/H_down_target,0.44853045601243086
algebraic,PV4/H_mass_L,0.4648469359738592
algebraic,V4/s_v,0.9999999999999996
algebraic,V4/H_R_out,0.4500031977154906
algebraic,VV_junc3/H_daughter3,0.4660509415683085
algebraic,PV5/H_down_target,0.4485256306002672
algebraic,PV5/H_mass_L,0.46474400723281645
algebraic,V5/s_v,0.9999999999999996
algebraic,V5/H_R_out,0.45000320242786457
algebraic,V6/H_R_in,0.45
algebraic,VV_junc2/H_from4_target,0.4752859393691041
algebraic,PV4/H_mass_R,0.4494463986983048
algebraic,V4/H_down_target,0.45001506638213357
algebraic,V4/H_mass_L,0.44984926600388503
algebraic,VV_junc3/H_from3_target,0.4660509415683085
algebraic,PV5/H_mass_R,0.4494473802425953
algebraic,V5/H_down_target,0.4500150499297119
algebraic,V5/H_mass_L,0.4498494294449694
algebraic,V6/q,1.5710168440431363e-14
algebraic,V4/H_mass_R,0.4500031977154906
algebraic,V5/H_mass_R,0.45000320242786457
algebraic,V6/H_mean,0.44999999859561146
algebraic,V6/hem_dep_u_rel,4.651557860628042
algebraic,V6/mu,0.0046515578606280425
algebraic,V6/R,3790430344176205.0
algebraic,V6/u,6609.295621641241
algebraic,PV6/v_d,2.6001592253342926e-15
algebraic,V6/u_mmHg,49.57393094643976
algebraic,PV6/w_v_d,1.0000000000000004
algebraic,PV6/v_d_mm3_s,2.6001592253342925e-06
algebraic,V6/v,2.600132635700405e-15
algebraic,PV6/H_up,0.45592594769932776
algebraic,PV6/H_L_out,0.45592594769932776
algebraic,PV6/v_d_pos,2.6001592253342938e-15
algebraic,PV6/v_d_neg,1.154702655863057e-30
algebraic,V6/w_v,1.0000000000000004
algebraic,V6/v_mm3_s,2.600132635700405e-06
algebraic,VV_junc3/H_split4,0.4754148656499044
algebraic,VV_junc3/RBC_in,2.340123073269786e-15
algebraic,PV6/s_v_d,0.9999999999999996
algebraic,PV6/H_R_out,0.4498294688725247
algebraic,V6/H_up,0.4499615550361841
algebraic,V6/H_L_out,0.4499615550361841
algebraic,V6/v_pos,2.600132635700406e-15
algebraic,V6/v_neg,1.1546908476935536e-30
algebraic,VV_junc3/H_daughter4,0.4754148656499044
algebraic,PV6/H_down_target,0.4494074143900065
algebraic,PV6/H_mass_L,0.45592594769932776
algebraic,V6/s_v,0.9999999999999996
algebraic,V6/H_R_out,0.45000071373073747
algebraic,VV_junc3/H_from4_target,0.4754148656499044
algebraic,PV6/H_mass_R,0.4498294688725247
algebraic,V6/H_down_target,0.4500038429515542
algebraic,V6/H_mass_L,0.4499615550361841
algebraic,V6/H_mass_R,0.45000071373073747
